{
    "avg_reprojection_error": 0.5531415536268115,
    "camera_matrix": [
        1580.9402767796694,
        0.0,
        959.7456440374441,
        0.0,
        1578.7365775482094,
        526.714712200477,
        0.0,
        0.0,
        1.0
    ],
    "distortion_coefficients": [
        0.1323654550132082,
        -0.5586051471032436,
        -0.0016672104113426346,
        -5.945640254969469e-05,
        0.4662079947075025,
        -0.07649075862905284,
        0.0776888509540409,
        -0.0018747446733216168
    ]
}
